{
  "type": "record",
  "name": "channels",
  "fields" : [
    { "name" : "PositionV13", "type" : {"type" : "array", "items": "int"}},
    { "name" : "PositionW13", "type" : {"type" : "array", "items": "int"}},
    { "name" : "PositionV24", "type" : {"type" : "array", "items": "int"}},
    { "name" : "PositionW24", "type" : {"type" : "array", "items": "int"}},
    { "name" : "PositionV57", "type" : {"type" : "array", "items": "int"}},
    { "name" : "PositionW57", "type" : {"type" : "array", "items": "int"}},
    { "name" : "Positionz1", "type" : {"type" : "array", "items": "int"}},
    { "name" : "PositionZ12", "type" : {"type" : "array", "items": "int"}},
    { "name" : "CommandeV1", "type" : {"type" : "array", "items": "int"}},
    { "name" : "CommandeV3", "type" : {"type" : "array", "items": "int"}},
    { "name" : "CommandeV2", "type" : {"type" : "array", "items": "int"}},
    { "name" : "CommandeV4", "type" : {"type" : "array", "items": "int"}},
    { "name" : "CommandeV5", "type" : {"type" : "array", "items": "int"}},
    { "name" : "CommandeV7", "type" : {"type" : "array", "items": "int"}},
    { "name" : "CommandeW1", "type" : {"type" : "array", "items": "int"}},
    { "name" : "CommandeW3", "type" : {"type" : "array", "items": "int"}},
    { "name" : "CommandeW2", "type" : {"type" : "array", "items": "int"}},
    { "name" : "CommandeW4", "type" : {"type" : "array", "items": "int"}},
    { "name" : "CommandeW5", "type" : {"type" : "array", "items": "int"}},
    { "name" : "CommandeW7", "type" : {"type" : "array", "items": "int"}},
    { "name" : "Commandez1", "type" : {"type" : "array", "items": "int"}},
    { "name" : "CommandeZ2", "type" : {"type" : "array", "items": "int"}},
    { "name" : "TDCBit", "type" : {"type" : "array", "items": "int"}},
    { "name" : "CurrentV1", "type" : {"type" : "array", "items": "int"}},
    { "name" : "CurrentV3", "type" : {"type" : "array", "items": "int"}},
    { "name" : "CurrentV2", "type" : {"type" : "array", "items": "int"}},
    { "name" : "CurrentV4", "type" : {"type" : "array", "items": "int"}},
    { "name" : "CurrentV5", "type" : {"type" : "array", "items": "int"}},
    { "name" : "CurrentV7", "type" : {"type" : "array", "items": "int"}},
    { "name" : "CurrentW1", "type" : {"type" : "array", "items": "int"}},
    { "name" : "CurrentW3", "type" : {"type" : "array", "items": "int"}},
    { "name" : "CurrentW2", "type" : {"type" : "array", "items": "int"}},
    { "name" : "CurrentW4", "type" : {"type" : "array", "items": "int"}},
    { "name" : "CurrentW5", "type" : {"type" : "array", "items": "int"}},
    { "name" : "CurrentW7", "type" : {"type" : "array", "items": "int"}},
    { "name" : "CurrentZ1", "type" : {"type" : "array", "items": "int"}},
    { "name" : "CurrentZ2", "type" : {"type" : "array", "items": "int"}},
    { "name" : "CurrentZ3", "type" : {"type" : "array", "items": "int"}},
    { "name" : "CurrentZ4", "type" : {"type" : "array", "items": "int"}},
    { "name" : "Rotation_Frequency_A", "type" : {"type" : "array", "items": "int"}},
    { "name" : "Rotation_Frequency_B", "type" : {"type" : "array", "items": "int"}},
    { "name" : "SPV_speed_A", "type" : {"type" : "array", "items": "int"}},
    { "name" : "SPV_speed_B", "type" : {"type" : "array", "items": "int"}},
    { "name" : "UnbalanceA13", "type" : {"type" : "array", "items": "int"}},
    { "name" : "UnbalanceB13", "type" : {"type" : "array", "items": "int"}},
    { "name" : "UnbalanceA24", "type" : {"type" : "array", "items": "int"}},
    { "name" : "UnbalanceB24", "type" : {"type" : "array", "items": "int"}},
    { "name" : "UnbalanceA57", "type" : {"type" : "array", "items": "int"}},
    { "name" : "UnbalanceB57", "type" : {"type" : "array", "items": "int"}},
    { "name" : "AxialHarmonic1A", "type" : {"type" : "array", "items": "int"}},
    { "name" : "AxialHarmonic1B", "type" : {"type" : "array", "items": "int"}},
    { "name" : "MachineTemp_1_A", "type" : {"type" : "array", "items": "int"}},
    { "name" : "MachineTemp_2_A", "type" : {"type" : "array", "items": "int"}},
    { "name" : "MachineTemp_3_A", "type" : {"type" : "array", "items": "int"}},
    { "name" : "MachineTemp_4_A", "type" : {"type" : "array", "items": "int"}},
    { "name" : "MachineTemp_5_A", "type" : {"type" : "array", "items": "int"}},
    { "name" : "MachineTemp_6_A", "type" : {"type" : "array", "items": "int"}},
    { "name" : "MachineTemp_7_A", "type" : {"type" : "array", "items": "int"}},
    { "name" : "MachineTemp_8_A", "type" : {"type" : "array", "items": "int"}},
    { "name" : "MachineTemp_1_B", "type" : {"type" : "array", "items": "int"}},
    { "name" : "MachineTemp_2_B", "type" : {"type" : "array", "items": "int"}},
    { "name" : "MachineTemp_3_B", "type" : {"type" : "array", "items": "int"}},
    { "name" : "MachineTemp_4_B", "type" : {"type" : "array", "items": "int"}},
    { "name" : "MachineTemp_5_B", "type" : {"type" : "array", "items": "int"}},
    { "name" : "MachineTemp_6_B", "type" : {"type" : "array", "items": "int"}},
    { "name" : "MachineTemp_7_B", "type" : {"type" : "array", "items": "int"}},
    { "name" : "MachineTemp_8_B", "type" : {"type" : "array", "items": "int"}},
    { "name" : "coilTempV1", "type" : {"type" : "array", "items": "int"}},
    { "name" : "coilTempV3", "type" : {"type" : "array", "items": "int"}},
    { "name" : "coilTempv2", "type" : {"type" : "array", "items": "int"}},
    { "name" : "coilTempv4", "type" : {"type" : "array", "items": "int"}},
    { "name" : "coilTempv5", "type" : {"type" : "array", "items": "int"}},
    { "name" : "coilTempV7", "type" : {"type" : "array", "items": "int"}},
    { "name" : "coilTempw1", "type" : {"type" : "array", "items": "int"}},
    { "name" : "coilTempW3", "type" : {"type" : "array", "items": "int"}},
    { "name" : "coilTempW2", "type" : {"type" : "array", "items": "int"}},
    { "name" : "coilTempW4", "type" : {"type" : "array", "items": "int"}},
    { "name" : "coilTempW5", "type" : {"type" : "array", "items": "int"}},
    { "name" : "coilTempW7", "type" : {"type" : "array", "items": "int"}},
    { "name" : "coilTempZI", "type" : {"type" : "array", "items": "int"}},
    { "name" : "coilTempZ2", "type" : {"type" : "array", "items": "int"}},
    { "name" : "coilTempz3", "type" : {"type" : "array", "items": "int"}},
    { "name" : "coilTempZ4", "type" : {"type" : "array", "items": "int"}},
    { "name" : "peakPositionv13", "type" : {"type" : "array", "items": "int"}},
    { "name" : "peakPositionW13", "type" : {"type" : "array", "items": "int"}},
    { "name" : "peakPositionV24", "type" : {"type" : "array", "items": "int"}},
    { "name" : "peakPositionW24", "type" : {"type" : "array", "items": "int"}},
    { "name" : "peakPositionV57", "type" : {"type" : "array", "items": "int"}},
    { "name" : "peakPositionW57", "type" : {"type" : "array", "items": "int"}},
    { "name" : "peakPositionz1", "type" : {"type" : "array", "items": "int"}},
    { "name" : "peakPosition22", "type" : {"type" : "array", "items": "int"}},
    { "name" : "PeakElongation_Rotor_SPV", "type" : {"type" : "array", "items": "int"}},
    { "name" : "VDCMains", "type" : {"type" : "array", "items": "int"}},
    { "name" : "VDCPA_V13", "type" : {"type" : "array", "items": "int"}},
    { "name" : "VDCPA_W13", "type" : {"type" : "array", "items": "int"}},
    { "name" : "VDCPA_V24", "type" : {"type" : "array", "items": "int"}},
    { "name" : "VDCPA_W24", "type" : {"type" : "array", "items": "int"}},
    { "name" : "VDCPA_V57", "type" : {"type" : "array", "items": "int"}},
    { "name" : "VDCPA_W57", "type" : {"type" : "array", "items": "int"}},
    { "name" : "VDCPA_Z12", "type" : {"type" : "array", "items": "int"}},
    { "name" : "VDCPA_234", "type" : {"type" : "array", "items": "int"}},
    { "name" : "AmplifierTempv13", "type" : {"type" : "array", "items": "int"}},
    { "name" : "AmplifierTempW13", "type" : {"type" : "array", "items": "int"}},
    { "name" : "AmplifierTempv24", "type" : {"type" : "array", "items": "int"}},
    { "name" : "AmplifierTempW24", "type" : {"type" : "array", "items": "int"}},
    { "name" : "AmplifierTempV57", "type" : {"type" : "array", "items": "int"}},
    { "name" : "AmplifierTempW57", "type" : {"type" : "array", "items": "int"}},
    { "name" : "AmplifierTempz12", "type" : {"type" : "array", "items": "int"}},
    { "name" : "AmplifierTempz34", "type" : {"type" : "array", "items": "int"}},
    { "name" : "ISO_Bear_A", "type" : {"type" : "array", "items": "int"}},
    { "name" : "ISO_Det_A", "type" : {"type" : "array", "items": "int"}},
    { "name" : "ISO_Bear_B", "type" : {"type" : "array", "items": "int"}},
    { "name" : "ISO_Det_B", "type" : {"type" : "array", "items": "int"}},
    { "name" : "RadialHarmonicN2A13", "type" : {"type" : "array", "items": "int"}},
    { "name" : "RadialHarmonicN2B13", "type" : {"type" : "array", "items": "int"}},
    { "name" : "RadialHarmonicN2A24", "type" : {"type" : "array", "items": "int"}},
    { "name" : "RadialHarmonicN2824", "type" : {"type" : "array", "items": "int"}},
    { "name" : "RadialHarmonicN2A57", "type" : {"type" : "array", "items": "int"}},
    { "name" : "RadialHarmonicN2B57", "type" : {"type" : "array", "items": "int"}},
    { "name" : "AxialHarmonicN2A", "type" : {"type" : "array", "items": "int"}},
    { "name" : "AxialHarmonicN2B", "type" : {"type" : "array", "items": "int"}}
  ]
}